{"cameraMode":{"drawMode":0,"name":"Shaded","section":"Shading Mode"},"sceneLighting":false,"audioPlay":false,"sceneViewState":{"showFog":true,"showMaterialUpdate":false,"showSkybox":false,"showFlares":true,"showImageEffects":true,"showParticleSystems":true},"in2DMode":false,"pivot":{"x":-0.31749582290649416,"y":0.04237916320562363,"z":45.822025299072269},"rotation":{"x":-0.05718323215842247,"y":-0.05777444690465927,"z":0.003297019051387906,"w":-0.9967011213302612},"size":0.5165063738822937,"orthographic":false}