{"cameraMode":{"drawMode":0,"name":"Shaded","section":"Shading Mode"},"sceneLighting":false,"audioPlay":false,"sceneViewState":{"showFog":true,"showMaterialUpdate":false,"showSkybox":false,"showFlares":true,"showImageEffects":true,"showParticleSystems":true},"in2DMode":false,"pivot":{"x":-0.5138949751853943,"y":-0.048937052488327029,"z":-6.705453872680664},"rotation":{"x":-0.12911826372146607,"y":0.6940140128135681,"z":-0.12867356836795808,"w":-0.6965202689170837},"size":0.5165063142776489,"orthographic":false}