{"cameraMode":{"drawMode":0,"name":"Shaded","section":"Shading Mode"},"sceneLighting":false,"audioPlay":false,"sceneViewState":{"showFog":true,"showMaterialUpdate":false,"showSkybox":false,"showFlares":true,"showImageEffects":true,"showParticleSystems":true},"in2DMode":false,"pivot":{"x":1.283400058746338,"y":0.12203441560268402,"z":-0.5173932909965515},"rotation":{"x":-0.17597927153110505,"y":0.03454301878809929,"z":-0.006189113017171621,"w":-0.9838186502456665},"size":0.8219477534294128,"orthographic":false}