{"cameraMode":{"drawMode":0,"name":"Shaded","section":"Shading Mode"},"sceneLighting":false,"audioPlay":false,"sceneViewState":{"showFog":true,"showMaterialUpdate":false,"showSkybox":false,"showFlares":true,"showImageEffects":true,"showParticleSystems":true},"in2DMode":false,"pivot":{"x":0.16038358211517335,"y":0.07107663154602051,"z":0.192729651927948},"rotation":{"x":0.3068700432777405,"y":-0.6121373176574707,"z":0.27884700894355776,"w":0.673467755317688},"size":1.1194431781768799,"orthographic":false}