{"cameraMode":{"drawMode":0,"name":"Shaded","section":"Shading Mode"},"sceneLighting":true,"audioPlay":false,"sceneViewState":{"showFog":true,"showMaterialUpdate":false,"showSkybox":true,"showFlares":true,"showImageEffects":true,"showParticleSystems":true},"in2DMode":false,"pivot":{"x":-1.2227582931518555,"y":0.8159370422363281,"z":1.9746203422546387},"rotation":{"x":0.40873509645462038,"y":-0.48319822549819949,"z":0.2732032835483551,"w":0.7246110439300537},"size":9.550000190734864,"orthographic":false}