{"cameraMode":{"drawMode":0,"name":"Shaded","section":"Shading Mode"},"sceneLighting":false,"audioPlay":false,"sceneViewState":{"showFog":true,"showMaterialUpdate":false,"showSkybox":false,"showFlares":true,"showImageEffects":true,"showParticleSystems":true},"in2DMode":false,"pivot":{"x":1.016552209854126,"y":0.30214887857437136,"z":-1.6432311534881592},"rotation":{"x":-0.10230717062950134,"y":-0.13919973373413087,"z":0.01444972027093172,"w":-0.9849095344543457},"size":0.378052294254303,"orthographic":false}