{"cameraMode":{"drawMode":0,"name":"Shaded","section":"Shading Mode"},"sceneLighting":true,"audioPlay":false,"sceneViewState":{"showFog":true,"showMaterialUpdate":false,"showSkybox":true,"showFlares":true,"showImageEffects":true,"showParticleSystems":true},"in2DMode":false,"pivot":{"x":-0.06000092625617981,"y":0.10499989986419678,"z":50.400936126708987},"rotation":{"x":-0.13579817116260529,"y":0.6541760563850403,"z":-0.12117362022399903,"w":-0.7342403531074524},"size":1.6818649768829346,"orthographic":false}