{"cameraMode":{"drawMode":0,"name":"Shaded","section":"Shading Mode"},"sceneLighting":false,"audioPlay":false,"sceneViewState":{"showFog":true,"showMaterialUpdate":false,"showSkybox":false,"showFlares":true,"showImageEffects":true,"showParticleSystems":true},"in2DMode":false,"pivot":{"x":-2.3419647216796877,"y":1.996045708656311,"z":88.36744689941406},"rotation":{"x":0.17416657507419587,"y":-0.5340579748153687,"z":0.11349915713071823,"w":0.8195815682411194},"size":3.465209722518921,"orthographic":false}