{"cameraMode":{"drawMode":0,"name":"Shaded","section":"Shading Mode"},"sceneLighting":false,"audioPlay":false,"sceneViewState":{"showFog":true,"showMaterialUpdate":false,"showSkybox":false,"showFlares":true,"showImageEffects":true,"showParticleSystems":true},"in2DMode":false,"pivot":{"x":-0.013000011444091797,"y":1.2776684761047364,"z":11.800260543823243},"rotation":{"x":-0.31286129355430605,"y":-0.23130035400390626,"z":0.07886448502540589,"w":-0.917896568775177},"size":12.656959533691407,"orthographic":false}