{"cameraMode":{"drawMode":0,"name":"Shaded","section":"Shading Mode"},"sceneLighting":false,"audioPlay":false,"sceneViewState":{"showFog":true,"showMaterialUpdate":false,"showSkybox":false,"showFlares":true,"showImageEffects":true,"showParticleSystems":true},"in2DMode":false,"pivot":{"x":-12.21090316772461,"y":37.7694206237793,"z":75.90984344482422},"rotation":{"x":-0.33469265699386599,"y":0.5873038172721863,"z":-0.29036983847618105,"w":-0.6774380207061768},"size":27.211225509643556,"orthographic":false}