{"cameraMode":{"drawMode":0,"name":"Shaded","section":"Shading Mode"},"sceneLighting":true,"audioPlay":false,"sceneViewState":{"showFog":true,"showMaterialUpdate":false,"showSkybox":true,"showFlares":true,"showImageEffects":true,"showParticleSystems":true},"in2DMode":false,"pivot":{"x":0.0,"y":0.010179132223129273,"z":80.44000244140625},"rotation":{"x":-0.22594702243804933,"y":-0.5122731924057007,"z":0.14179447293281556,"w":-0.8164352774620056},"size":2.3851544857025148,"orthographic":false}