{"cameraMode":{"drawMode":0,"name":"Shaded","section":"Shading Mode"},"sceneLighting":false,"audioPlay":false,"sceneViewState":{"showFog":true,"showMaterialUpdate":false,"showSkybox":false,"showFlares":true,"showImageEffects":true,"showParticleSystems":true},"in2DMode":false,"pivot":{"x":0.44169628620147707,"y":-0.3168210983276367,"z":1.0937949419021607},"rotation":{"x":0.03209192678332329,"y":-0.7364173531532288,"z":0.6750043034553528,"w":0.03557419776916504},"size":1.9905955791473389,"orthographic":false}