{"cameraMode":{"drawMode":0,"name":"Shaded","section":"Shading Mode"},"sceneLighting":true,"audioPlay":false,"sceneViewState":{"showFog":true,"showMaterialUpdate":false,"showSkybox":true,"showFlares":true,"showImageEffects":true,"showParticleSystems":true},"in2DMode":false,"pivot":{"x":-3.665944814682007,"y":3.3164098262786867,"z":81.9012222290039},"rotation":{"x":-0.15336623787879945,"y":-0.5674124360084534,"z":0.10854656994342804,"w":-0.8017969131469727},"size":0.5310863256454468,"orthographic":false}