{"cameraMode":{"drawMode":0,"name":"Shaded","section":"Shading Mode"},"sceneLighting":true,"audioPlay":false,"sceneViewState":{"showFog":true,"showMaterialUpdate":false,"showSkybox":true,"showFlares":true,"showImageEffects":true,"showParticleSystems":true},"in2DMode":false,"pivot":{"x":32.78912353515625,"y":10.994125366210938,"z":120.49711608886719},"rotation":{"x":-0.34477946162223818,"y":0.5182550549507141,"z":-0.24000832438468934,"w":-0.7450610995292664},"size":49.91978454589844,"orthographic":false}