{"cameraMode":{"drawMode":0,"name":"Shaded","section":"Shading Mode"},"sceneLighting":true,"audioPlay":false,"sceneViewState":{"showFog":true,"showMaterialUpdate":false,"showSkybox":true,"showFlares":true,"showImageEffects":true,"showParticleSystems":true},"in2DMode":false,"pivot":{"x":-1.1607341766357422,"y":3.2528059482574465,"z":-7.826021194458008},"rotation":{"x":0.06450337916612625,"y":0.5727214813232422,"z":-0.0452929362654686,"w":0.8159618377685547},"size":4.807394981384277,"orthographic":false}