{"cameraMode":{"drawMode":0,"name":"Shaded","section":"Shading Mode"},"sceneLighting":false,"audioPlay":false,"sceneViewState":{"showFog":true,"showMaterialUpdate":false,"showSkybox":false,"showFlares":true,"showImageEffects":true,"showParticleSystems":true},"in2DMode":false,"pivot":{"x":-0.009215176105499268,"y":0.31339606642723086,"z":-0.27106624841690066},"rotation":{"x":0.04226132482290268,"y":-0.7731392979621887,"z":0.051795922219753268,"w":0.6307195425033569},"size":0.38660258054733279,"orthographic":false}