{"cameraMode":{"drawMode":0,"name":"Shaded","section":"Shading Mode"},"sceneLighting":false,"audioPlay":false,"sceneViewState":{"showFog":true,"showMaterialUpdate":false,"showSkybox":false,"showFlares":true,"showImageEffects":true,"showParticleSystems":true},"in2DMode":false,"pivot":{"x":-20.014171600341798,"y":-73.14506530761719,"z":130.4983367919922},"rotation":{"x":0.1447605937719345,"y":0.7709870338439941,"z":-0.18857042491436006,"w":0.5909667611122131},"size":15.988513946533204,"orthographic":false}